Завдання,Проєкт,Дата,Статус
Vocabulary поповнити чи закрити,AI officer,2026-06-01,todo
Коментарі,ДІС,2026-04-30,done
СММ пост,ДІС,2026-05-01,done
СММ сторіс,ДІС,2026-04-30,done
СММ сторіс,ДІС,2026-05-01,done
Товари дня,ДІС,2026-04-30,done
Товари дня,ДІС,2026-05-01,done
Прибрати акцію від 11.04,Трейд,2026-04-30,done
Поповнитит словами Vocabulary для телеграм бота,AI officer,2026-05-01,done
Прибрати акцію від 11.04,ДІС,2026-04-30,done
Додати матрац Argentum Star 1500х2000 в скрутку,Трейд,2026-05-01,done
Прибрати акцію від 21.04,Трейд,2026-04-30,done
Додати матрац Relax New 700х1900 в скрутку,Трейд,2026-05-01,done
Прибрати акцію від 21.04,ДІС,2026-04-30,done
Нова екстра акція,Трейд,2026-05-01,done
Закупки: аналізувати файли нові,AI officer,2026-04-30,done
Нова екстра акція,ДІС,2026-05-01,done
Рекламації: прибрати тести і поставити реальні імейли,AI officer,2026-04-30,done
Авансовий звіт,ДІС,2026-05-01,done
Рекламації: почистити базу та анкети,AI officer,2026-04-30,done
Поповнити контекст,ДІС,2026-05-01,done
Елисей: Прибрати партію товарів. Файл в акк. іфматрас,ДІС,2026-04-30,done
Коментарі,ДІС,2026-05-01,done
Максу матрас,ДІС,2026-04-30,done
У Наталі учтонити по оплаті канви та джеміні,AI officer,2026-05-01,done
Грінгард: додати товари на сайт відсутні файл Гойдалки садові ТМ GreenGard на іфматрас,ДІС,2026-04-30,done
"Категорії в посуду, Елисей на останні місця",ДІС,2026-05-01,done
Навчання Google на 17:00,Навчання,2026-04-30,done
Навчання RD ДЗ: презентацію перевірити і відправити,Навчання,2026-05-01,done
Навчання RD на 19:00,Навчання,2026-04-30,done
Документ по релокації: внести скрипт і налаштувати розсилку,AI officer,2026-05-01,done
Навчання RD ДЗ: презентацію перевірити і відправити,Навчання,2026-04-30,done
Відео по диванах,ДІС,2026-05-01,done
Навчання RD ДЗ: тест,Навчання,2026-04-30,done
Звіт,Орлі,2026-05-01,done
Відібрати наступні пілоти для автоматизації,AI officer,2026-04-30,done
Документ по релокації,AI officer,2026-04-30,done
СММ пост,ДІС,2026-05-04,done
СММ сторіс,ДІС,2026-05-05,done
СММ сторіс,ДІС,2026-05-06,done
СММ сторіс,ДІС,2026-05-07,done
Навчання RD: ДЗ робити,Навчання,2026-05-08,done
СММ сторіс,ДІС,2026-05-04,done
Товари дня,ДІС,2026-05-05,done
СММ пост,ДІС,2026-05-06,done
Товари дня,ДІС,2026-05-07,done
Залишки Аутлет звіритися по файлу/ lj,ДІС,2026-05-08,done
Товари дня,ДІС,2026-05-04,done
Коментарі,ДІС,2026-05-05,done
Товари дня,ДІС,2026-05-06,done
Коментарі,ДІС,2026-05-07,done
СММ сторіс,ДІС,2026-05-08,done
Коментарі,ДІС,2026-05-04,done
Поповнити рахунок,Орлі,2026-05-05,done
Коментарі,ДІС,2026-05-06,done
Залишки Аутлет звіритися по файлу,ДІС,2026-05-07,done
Товари дня,ДІС,2026-05-08,done
Документ по релокації: внести скрипт і налаштувати розсилку,AI officer,2026-05-04,done
Відео по диванах,ДІС,2026-05-05,done
Міроненко закупки,AI officer,2026-05-06,done
Міроненко закупки: звірити цифри,AI officer,2026-05-07,done
Коментарі,ДІС,2026-05-08,done
Відео по диванах,ДІС,2026-05-04,done
Міроненко закупки,AI officer,2026-05-05,done
Залишки Аутлет звіритися по файлу,ДІС,2026-05-06,done
Міроненко закупки,AI officer,2026-05-07,done
Навчання RD: ДЗ робити,Навчання,2026-05-08,done
Міроненко закупки,AI officer,2026-05-04,done
Залишки Аутлет звіритися по файлу,ДІС,2026-05-05,done
ЛавЮ додати товари,ДІС,2026-05-06,done
Відео по диванах,ДІС,2026-05-07,done
СММ пост,ДІС,2026-05-08,done
Залишки Аутлет звіритися,ДІС,2026-05-04,done
Shorts добавити,ЯС,2026-05-05,done
Відео по диванах,ДІС,2026-05-06,done
Тестити агента на Hermes,AI officer,2026-05-07,done
Аутлет сортування,ДІС,2026-05-08,done
Навчання Google ДЗ,Навчання,2026-05-04,done
Навчання RD на 19:00,Навчання,2026-05-05,done
Міроненко закупки,AI officer,2026-05-06,done
Навчання RD на 19:00,Навчання,2026-05-07,done
ЛавЮ додати товари,ДІС,2026-05-08,done
Діпломагія сторінки,Моє,2026-05-04,done
Грінгард: додати товари на сайт відсутні файл Гойдалки садові ТМ GreenGard на іфматрас,ДІС,2026-05-05,done
Наявність столів та стільців,ДІС,2026-05-06,done
Відео по диванах завантажити на ютуб,ДІС,2026-05-07,done
Шортс,ЯС,2026-05-08,done
ЛавЮ додати товари,ДІС,2026-05-05,done
Установити агента на комп,ДІС,2026-05-06,done
Відео по диванах завантажити на сайт,ДІС,2026-05-07,done
Діпломагія сторінки провірити,Моє,2026-05-05,done
Бюджет,ДІС,2026-05-05,done
Прибрати ціни,ДІС,2026-05-11,done
SMM stories,ДІС,2026-05-12,done
SMM stories,ДІС,2026-05-13,done
SMM stories,ДІС,2026-05-14,done
SMM post,ДІС,2026-05-15,done
Нову пісню,ЯС,2026-05-16,done
Прибрати ціни,Трейд,2026-05-11,done
Товари дня,ДІС,2026-05-12,done
SMM post,ДІС,2026-05-13,done
Коментарі на сайт,ДІС,2026-05-14,done
SMM stories,ДІС,2026-05-15,done
Прибрати ціни,ДІС,2026-05-11,done
"Міроненко закупки: підготовити питання. Перевірити запитання, коригувати та відправити",AI officer,2026-05-12,done
Товари дня,ДІС,2026-05-13,done
Товари дня,ДІС,2026-05-14,done
Товари дня,ДІС,2026-05-15,done
Прибрати ціни,Трейд,2026-05-11,done
"ЛавЮ додати товари: тестити додавання на 1 товару, якщо все ок, тоді на всіх",ДІС,2026-05-12,done
Коментарі на сайт,ДІС,2026-05-13,done
ЛавЮ додати товари: через парсинг залити товари,ДІС,2026-05-14,done
Залишки Аутлет: додавати на сайт нові товари,ДІС,2026-05-15,done
SMM stories,ДІС,2026-05-11,done
Доробити автоматизацію коментарів,AI officer,2026-05-12,done
ЛавЮ додати товари: через парсинг залити товари,ДІС,2026-05-13,done
Аксесуари сортування,ДІС,2026-05-14,done
Дашборд доробити,AI officer,2026-05-15,done
SMM post,ДІС,2026-05-11,done
Поповнити рахунок,Орлі,2026-05-12,done
Відео створити,Моє,2026-05-13,done
Обновить n8n,AI officer,2026-05-14,done
Sitemap: видалити зайві редіректи,ДІС,2026-05-15,done
Товари дня,ДІС,2026-05-11,done
Навчання RD,Навчання,2026-05-12,done
Навчання RD: дз робити,Навчання,2026-05-14,done
Codex онлайн розмістити,AI officer,2026-05-15,done
Міроненко закупки: підготовити питання. В 15:40 уточнити по СМЯ доданому,AI officer,2026-05-11,done
Навчання RD,Навчання,2026-05-14,done
Створити дашборд Digital,AI officer,2026-05-15,done
Залишки Аутлет: додавати на сайт нові товари,ДІС,2026-05-11,done
Антигравіті вчити,AI officer,2026-05-14,done
Почитати https://openai.com/ru-RU/index/the-next-evolution-of-the-agents-sdk/,AI officer,2026-05-15,done
ЛавЮ додати товари: в 15:40 додати список в чат новий,ДІС,2026-05-11,done
Створити дашборд Digital,AI officer,2026-05-14,done
Антигравіті вчити,AI officer,2026-05-15,done
Автоматизацію коментраів,AI officer,2026-05-11,done
Відібрати наступні пілоти для автоматизації,AI officer,2026-05-14,done
Читати https://developers.openai.com/codex/app/chrome-extension,AI officer,2026-05-15,done
Тестити для браузера Claude,AI officer,2026-05-14,done
Ставимо літні кампанії,Орлі,2026-05-15,done
Передивитися відео,Навчання,2026-05-15,done
Змінити ціни,ДІС,2026-05-18,todo
Поповнити рахунок,Орлі,2026-05-19,todo
Готувати дашборд для Рижко,AI officer,2026-05-20,todo
Починити гугл аналітікс,Трейд,2026-05-21,todo
SMM post,ДІС,2026-05-22,todo
Прибарти акцію від 10.05,ДІС,2026-05-24,todo
Змінити ціни,Трейд,2026-05-18,todo
Аврора зайти подивитися Дашборд,AI officer,2026-05-20,todo
ПУМБ підключити,ДІС,2026-05-21,todo
Прибарти акцію від 10.05,Трейд,2026-05-24,todo
SMM post,ДІС,2026-05-18,todo
Створення інструкції для користування AI: a-level (на основі даних анкетування),AI officer,2026-05-20,todo
"ПУМБ підключити: етап тестування, подивитися чат в телеграмі",ДІС,2026-05-21,todo
Friday: сторіс,AI officer,2026-05-18,todo
Анкетування операційних спіробітників переробити анкету,AI officer,2026-05-20,todo
"Створити пошту для interfoam-west: інформація від Притули, куди саме мають приходити листи",AI officer,2026-05-21,todo
Игорю матрас предложить: У Тани узнать о наличии,ДІС,2026-05-18,todo
SMM post,ДІС,2026-05-20,todo
Friday: тексти смм,AI officer,2026-05-25,todo
Поповнити рахунок,Орлі,2026-05-26,todo
Контекст поповнити,ДІС,2026-04-01,done
Перевірити автоматизацію для Лєни ЕЦБ,AI officer,2026-04-02,done
Навчання Автоматизація,Навчання,2026-04-03,done
Навчання Автоматизація,Навчання,2026-04-05,done
Навчання Автоматизація,Навчання,2026-04-01,done
Для Лєни створити файл НБУ,AI officer,2026-04-02,done
Борд 2 на 15:00,AI officer,2026-04-03,done
ФОП Стельмах переоформити на моно,ДІС,2026-04-01,done
Навчання Автоматизація,Навчання,2026-04-02,done
SMM Stories,ДІС,2026-04-03,done
ФОП Стельмах переоформити приватбанк оплату частинами,ДІС,2026-04-01,done
Анкету Назара: готувати презентацію,AI officer,2026-04-02,done
Підготовка до борда 2,AI officer,2026-04-03,done
ФОП Стельмах переоформити на пумб,ДІС,2026-04-01,done
З Назаром погодити 3 пілоти,AI officer,2026-04-02,done
Зняти Елисей,AI officer,2026-04-03,done
ФОП Стельмах лікпей на сайт,ДІС,2026-04-01,done
Тестові оплати,ДІС,2026-04-02,done
Мироненко Закупки,AI officer,2026-04-03,done
ФОП Стельмах на сайт поставити,ДІС,2026-04-01,done
SMM Stories,ДІС,2026-04-02,done
Нові ціни,ДІС,2026-04-01,done
Товари дня,ДІС,2026-04-02,done
Нові ціни,Трейд,2026-04-01,done
Поговорити з Іваном Телейчуком по його рекламаціям на 09:30,AI officer,2026-04-02,done
Нова акція,ДІС,2026-04-01,done
Транскрибація вчорашніх розмов по рекламації перевести в файли,AI officer,2026-04-02,done
Нова акція,Трейд,2026-04-01,done
Транскрибація вчорашніх розмов по рекламації,AI officer,2026-04-01,done
Зміни в описі та фото рів'єра,ДІС,2026-04-01,done
Прибрати з корзини самовивіз з магазину,ДІС,2026-04-06,done
Товари дня,ДІС,2026-04-07,done
SMM Post,ДІС,2026-04-08,done
Перевірка заповнення таблиця НБУ за вчора курс,AI officer,2026-04-09,done
Прибрати акцію від 01.04,ДІС,2026-04-10,done
SMM Post,ДІС,2026-04-06,done
Подушки Белфорд новый чехол,Трейд,2026-04-07,done
Рекламації: створити файл та анкету для Телейчука,AI officer,2026-04-08,done
Міроненко аналіз данних,AI officer,2026-04-09,done
Прибрати акцію від 01.04,Трейд,2026-04-10,done
Оцифровка дашборда,AI officer,2026-04-06,done
Подушки Белфорд новый чехол,ДІС,2026-04-07,done
Врублєвскому готовити таблицю та анкету,AI officer,2026-04-08,done
Рекламації: створити файл та анкету для Клименко,AI officer,2026-04-09,done
Нова акція,ДІС,2026-04-10,done
Перевірити правильність таблиць для Лєни та відправити,AI officer,2026-04-06,done
Трекер для Назара: замінити свій ID на Назарів,AI officer,2026-04-07,done
Google курси ШІ на 17:00,Навчання,2026-04-08,done
Переключення рекламацій заповнення в тестове середовище,AI officer,2026-04-09,done
Нова акція,Трейд,2026-04-10,done
Для Мироненко план по закупкам,AI officer,2026-04-06,done
Рахунок,Орлі,2026-04-07,done
Заповнити алгоритм по рекламації на основі транскрибації UNP,AI officer,2026-04-08,done
Взяти доступ до IT у Євстигнєєва / Інформація,AI officer,2026-04-09,done
Трекер для Назара,AI officer,2026-04-06,done
ПУМБ підключити: етап тестування,ДІС,2026-04-07,done
Заповнити алгоритм по рекламації на основі транскрибації ACAT,AI officer,2026-04-08,done
AI-комітет рекламації,AI officer,2026-04-09,done
Навчання Автоматизація,Навчання,2026-04-06,done
Починити сайт IW: чекаю коли стануть NS сервери,AI officer,2026-04-07,done
Навчання Автоматизація,Навчання,2026-04-09,done
Шортс,ЯС,2026-04-06,done
Перевірка заповнення таблиця НБУ в 17:00,AI officer,2026-04-07,done
Бюджет,ДІС,2026-04-06,done
Починити сайт IW: зв'язатися з nic.ua,AI officer,2026-04-07,done
Хостинг оплата,Трейд,2026-04-06,done
Заповнити алгоритм по рекламації на основі транскрибації HH,AI officer,2026-04-07,done
Підняти ціни на Мекко,ДІС,2026-04-06,done
Рекламації: створити файл та анкету для Телейчука,AI officer,2026-04-07,done
Починити сайт IW,AI officer,2026-04-06,done
Навчання Автоматизація,Навчання,2026-04-07,done
Створити пошту для interfoam-west,AI officer,2026-04-07,done
Налаштувати оплату частинами від Монобанку,ДІС,2026-04-14,done
СММ сторіс,ДІС,2026-04-15,done
СММ сторіс,ДІС,2026-04-16,done
ДЗ виконати,Навчання,2026-04-17,done
Навчання Автоматизація,Навчання,2026-04-19,done
Контекстна реклама переналаштувати,ДІС,2026-04-14,done
Товари дня,ДІС,2026-04-15,done
СММ пост,ДІС,2026-04-16,done
LoveYouHome оновлення,ДІС,2026-04-17,done
Мироненко Закупки,AI officer,2026-04-19,done
СММ пост,ДІС,2026-04-14,done
Питання по борду 2 від АІ,AI officer,2026-04-15,done
Перевірити рахунок по хостингу ukraine.com.ua,Трейд,2026-04-16,done
Слайдер створити BlueMarine Aquamarina,ДІС,2026-04-17,done
Пісню на ютуб м'юзік запланувати,ЯС,2026-04-19,done
ПУМБ підключити,ДІС,2026-04-14,done
Мироненко Закупки сделать общую базу,AI officer,2026-04-15,done
Навчання Автоматизація Google,Навчання,2026-04-16,done
UNP / TDS рекламація: доопрацювати анкету,AI officer,2026-04-17,done
"ПУМБ підключити: етап тестування, подивитися чат в телеграмі",ДІС,2026-04-14,done
АСАТ рекламація: змінити імейли від Врублєвского на телеграмі,AI officer,2026-04-15,done
Мироненко Закупки сравнить с конкурентами,AI officer,2026-04-16,done
UNP / TDS рекламація: доопрацювати базу,AI officer,2026-04-17,done
Додати сертифікат до сайту Interfowam-west,AI officer,2026-04-14,done
АСАТ рекламація: імейли для виробництва перевірити,AI officer,2026-04-15,done
Переробити інструкцію UNP / HH: Отправить на тест Телейчуку,AI officer,2026-04-16,done
UNP / TDS рекламація: автоматизація,AI officer,2026-04-17,done
UNP рекламація: змінити анкету по прикладу АСАТ,AI officer,2026-04-14,done
Оцифровка від Бузикіною,AI officer,2026-04-15,done
Переробити інструкцію UNP / HH,AI officer,2026-04-16,done
UNP / TDS рекламація: тестування,AI officer,2026-04-17,done
Питання по борду 2 від АІ,AI officer,2026-04-14,done
Переробити інструкцію АСАТ,AI officer,2026-04-15,done
Переробити інструкцію АСАТ: Доделать тестовое видео,ДІС,2026-04-16,done
Мироненко Закупки доделать ошибки: написано в,AI officer,2026-04-17,done
Взяти доступ до IT у Євстигнєєва / Інформація,AI officer,2026-04-14,done
UNP / HH рекламація: автоматизація відповіді анкети,AI officer,2026-04-15,done
UNP / TDS рекламація: доопрацювати анкету,AI officer,2026-04-16,done
Навчання 2025,Навчання,2026-04-17,done
Надати загальний доступ до папок з фото та відео,AI officer,2026-04-14,done
UNP / HH рекламація: редагування бази рекламації,AI officer,2026-04-15,done
UNP / TDS рекламація: доопрацювати базу,AI officer,2026-04-16,done
UNP / TDS рекламація: додати статуси в скрипт,AI officer,2026-04-17,done
Надати загальний доступ до інструкцій,AI officer,2026-04-14,done
UNP / HH рекламація: автоматизація бази рекламації,AI officer,2026-04-15,done
Початок навчання Robotdreams на 19:00,Навчання,2026-04-16,done
UNP / TDS рекламація: оновити інструкцію,AI officer,2026-04-17,done
Мироненко Закупки сделать общую базу,AI officer,2026-04-14,done
Контекст Google Trade обсудити з назаром,Трейд,2026-04-15,done
Прибрати лишні сторіс на головній,ДІС,2026-04-14,done
Переробити інструкцію АСАТ: фінальний тест,AI officer,2026-04-15,done
Грінгард ціни,ДІС,2026-04-14,done
Переробити інструкцію АСАТ: Сделать тестовое видео,AI officer,2026-04-15,done
Навчання Автоматизація Google,Навчання,2026-04-14,done
Переробити інструкцію UNP / HH: фінальний тест,AI officer,2026-04-15,done
Переробити інструкцію АСАТ: Отправить на тест Врублєвскому,AI officer,2026-04-15,done
Прибрати акцію від 11.04,Трейд,2026-04-20,done
Замінити індекс в ворді,AI officer,2026-04-21,done
СММ сторіс,ДІС,2026-04-22,done
СММ пост,ДІС,2026-04-23,done
СММ сторіс,ДІС,2026-04-24,done
Пошту для Валі мітками розмітити,Моє,2026-04-25,done
Шортс,ЯС,2026-04-26,done
Прибрати акцію від 11.04,ДІС,2026-04-20,done
Навчання МГ автоматизації,AI officer,2026-04-21,done
Слайдери переробити,ДІС,2026-04-22,done
Оновити n8n,AI officer,2026-04-23,done
СММ сторіс,ДІС,2026-04-24,done
Навчання Автоматизація,Навчання,2026-04-25,done
Навчання RD ДЗ: тестування системи як різний клієнт,Навчання,2026-04-26,done
Товари дня,ДІС,2026-04-20,done
Додати нову екстра акцію,Трейд,2026-04-21,done
Рекламації: додати в лист назву товару,AI officer,2026-04-22,done
СММ сторіс,ДІС,2026-04-23,done
Навчання RD ДЗ,Навчання,2026-04-24,done
СММ сторіс,ДІС,2026-04-25,done
СММ сторіс,ДІС,2026-04-20,done
Додати нову екстра акцію,ДІС,2026-04-21,done
Рекламації: додати нове питання,AI officer,2026-04-22,done
Рекламації UNP: з Олею перевірити,AI officer,2026-04-23,done
Зробити інструкції,AI officer,2026-04-24,done
LoveYouHome нові сковородки додати розміри,ДІС,2026-04-20,done
Трекер для Назара оптимізувати: прибрати в назві відповідального,AI officer,2026-04-21,done
Рекламації: лист-відповідь від виробництва додати товар та проблему,AI officer,2026-04-22,done
Рекламації АСАТ: фінальний тест,AI officer,2026-04-23,done
Рекламації UNP: Здати проект,AI officer,2026-04-24,done
Мироненко Закупки доделать ошибки: написано в,AI officer,2026-04-20,done
Рекламації: перемістити файли від акаунта Назара,AI officer,2026-04-21,done
Рекламації: колонка статус,AI officer,2026-04-22,done
Рекламації HH: переробити,AI officer,2026-04-23,done
Медіаплан,ДІС,2026-04-24,done
Рекламації: перемістити файли від акаунта Назара,AI officer,2026-04-20,done
Навчання RD 2025,Навчання,2026-04-21,done
Конференція на 11:00,Навчання,2026-04-22,done
Рекламації HH: переробити,AI officer,2026-04-23,done
Налаштувати агента по СММ,AI officer,2026-04-24,done
Окремий створити акаунт для Рекламацій,AI officer,2026-04-20,done
СММ пост,ДІС,2026-04-21,done
Email відправка на готелі,ДІС,2026-04-22,done
Email відправка на готелі,ДІС,2026-04-23,done
Shorts,ЯС,2026-04-24,done
Оплатити VPS,AI officer,2026-04-20,done
З Ольгою Лукашенко прогнати базу,AI officer,2026-04-21,done
Навчання RD ДЗ,Навчання,2026-04-22,done
Рекламації UNP: правки від Олі,AI officer,2026-04-23,done
Допис,ЯС,2026-04-24,done
Мироненко Закупки сделать вопросы к производству,AI officer,2026-04-20,done
Навчання RD ДЗ,Навчання,2026-04-21,done
Навчання Google на 17:00,Навчання,2026-04-23,done
Агент для коментарів,AI officer,2026-04-24,done
Трекер для Назара оптимізувати,AI officer,2026-04-20,done
Мироненко Закупки проаналізувати категорію Інше,AI officer,2026-04-21,done
Навчання RD на 19:00,Навчання,2026-04-23,done
Розшифровка міта з Міроненко,AI officer,2026-04-24,done
Навчання RD 2025,Навчання,2026-04-20,done
Мироненко Закупки проаналізувати питання по поїздці,AI officer,2026-04-21,done
Сделать GPTs для схеми матраса по шарам,AI officer,2026-04-23,done
СММ пост,ДІС,2026-04-27,done
СММ сторіс,ДІС,2026-04-28,done
СММ пост,ДІС,2026-04-29,done
СММ пост,ДІС,2026-04-30,done
СММ пост,ДІС,2026-05-01,done
СММ сторіс,ДІС,2026-04-27,done
Товари дня,ДІС,2026-04-28,done
СММ сторіс,ДІС,2026-04-29,done
СММ сторіс,ДІС,2026-04-30,done
СММ сторіс,ДІС,2026-05-01,done
Коментарі,ДІС,2026-04-27,done
Коментарі,ДІС,2026-04-28,done
Коментарі,ДІС,2026-04-29,done
Товари дня,ДІС,2026-04-30,done
Товари дня,ДІС,2026-05-01,done
Товари дня,ДІС,2026-04-27,done
Підняти ціни на всі фьорди,ДІС,2026-04-28,done
Товари дня,ДІС,2026-04-29,done
Прибрати акцію від 11.04,Трейд,2026-04-30,done
Поповнитит словами Vocabulary для телеграм бота,AI officer,2026-05-01,done
З меню прибрати всі зайві категорії,ДІС,2026-04-27,done
"Зробити вивантаження товарів по Елисею, дивитися які товари без трафіку можна прибрати",ДІС,2026-04-28,done
Пошук постачальників для дропшиппінгу,ДІС,2026-04-29,done
Прибрати акцію від 11.04,ДІС,2026-04-30,done
Додати матрац Argentum Star 1500х2000 в скрутку,Трейд,2026-05-01,done
Категорію садових винести наверх в меблях,ДІС,2026-04-27,done
Звіриться за допомогою АІ яких товарів грігард немає на сайті,ДІС,2026-04-28,done
Елисей: Прибрати першу партію товарів. Файл в акк. іфматрас,ДІС,2026-04-29,done
Прибрати акцію від 21.04,Трейд,2026-04-30,done
Додати матрац Relax New 700х1900 в скрутку,Трейд,2026-05-01,done
Підготовка аналітичного документа відповіді на питання,AI officer,2026-04-27,done
Міромарк ціни оновити,ДІС,2026-04-28,done
Грінгард: додати товари на сайт відсутні файл Гойдалки садові ТМ GreenGard на іфматрас,ДІС,2026-04-29,done
Прибрати акцію від 21.04,ДІС,2026-04-30,done
Нова екстра акція,Трейд,2026-05-01,done
Рекламації: зробити відео,AI officer,2026-04-27,done
Анкетування операційних спіробітників переробити анкету,AI officer,2026-04-28,done
Рекламації: відправити листа,AI officer,2026-04-29,done
Навчання Google на 17:00,Навчання,2026-04-30,done
Нова екстра акція,ДІС,2026-05-01,done
Закупки: аналізувати файли нові,AI officer,2026-04-28,done
Міромарк ціни оновити,ДІС,2026-04-29,done
Навчання RD на 19:00,Навчання,2026-04-30,done
ЛавЮ додати товари,ДІС,2026-05-01,done
Навчання RD на 19:00,Навчання,2026-04-28,done
Закупки: аналізувати файли нові,AI officer,2026-04-29,done
Нову пісню,ЯС,2026-04-30,done
Починити гугл аналітікс,Трейд,2026-05-01,done
Навчання RD ДЗ: приклади реальні для компанії,Навчання,2026-04-29,done
Рекламації: прибрати тести і поставити реальні імейли,AI officer,2026-04-30,done
ПУМБ підключити,ДІС,2026-05-01,done
Рекламації: почистити базу та анкети,AI officer,2026-04-30,done
"ПУМБ підключити: етап тестування, подивитися чат в телеграмі",ДІС,2026-05-01,done
Елисей: Прибрати партію товарів. Файл в акк. іфматрас,ДІС,2026-04-30,done
"Створити пошту для interfoam-west: інформація від Притули, куди саме мають приходити листи",AI officer,2026-05-01,done
Грінгард: додати товари на сайт відсутні файл Гойдалки садові ТМ GreenGard на іфматрас,ДІС,2026-04-30,done
Створення інструкції для користування AI: a-level (на основі даних анкетування),AI officer,2026-05-01,done
Прибрати Екстра акцію подушки від 11.02 ввечері,ДІС,2026-03-02,done
SMM пост,ДІС,2026-03-03,done
Товари дня,ДІС,2026-03-04,done
Навчання: Як навчитись вчитися?,AI officer,2026-03-05,done
SMM post,ДІС,2026-03-06,done
Навчання Автоматизація,AI officer,2026-03-07,done
Дипломагія: перевірка домену,Моє,2026-03-08,done
Прибрати Екстра акцію подушки від 11.02 ввечері,Трейд,2026-03-02,done
Контекстна реклама поповнити рахунок,ДІС,2026-03-03,done
SMM сторіс,ДІС,2026-03-04,done
Додати товари для аутлет: додати нові,ДІС,2026-03-05,done
SMM stories,ДІС,2026-03-06,done
SMM post,ДІС,2026-03-08,done
Нова акція,ДІС,2026-03-02,done
Контекстна реклама поповнити рахунок,Трейд,2026-03-03,done
Сторіс на сайті змінити,ДІС,2026-03-04,done
Заповнити анкету - тест,AI officer,2026-03-05,done
Борд відповідь Врублєвського,AI officer,2026-03-06,done
Нова акція,Трейд,2026-03-02,done
Редагувати контекстну,ДІС,2026-03-03,done
Слайдер для столів,ДІС,2026-03-04,done
Готовити трекер,AI officer,2026-03-05,done
Навчання: Як навчитись вчитися?,AI officer,2026-03-06,done
Екстра акція,ДІС,2026-03-02,done
Оновити закупку целюлози,ДІС,2026-03-03,done
Товп товари,ДІС,2026-03-04,done
Бюджет,ДІС,2026-03-05,done
Додати товари для аутлет: додати нові,ДІС,2026-03-06,done
Товари дня,ДІС,2026-03-02,done
Слайдер аутлет створити,ДІС,2026-03-03,done
Меню раннжування на сайті,ДІС,2026-03-04,done
Переклад меморандумів,ДІС,2026-03-05,done
Діпломагія,ДІС,2026-03-06,done
Телеграм,ДІС,2026-03-02,done
Продовження доменних імен,ДІС,2026-03-03,done
Додати товари для аутлет: додати нові,ДІС,2026-03-04,done
Замінити фото на блюмарін,ДІС,2026-03-06,done
SMM сторіс,ДІС,2026-03-02,done
Лого поменять,ДІС,2026-03-03,done
Перекласти файли,AI officer,2026-03-04,done
Замінити фото на блюмарін,Трейд,2026-03-06,done
SMM пост,ДІС,2026-03-02,done
Готувати коротке ессе по документу по борду,AI officer,2026-03-03,done
Участь у мітингу по ІТ,AI officer,2026-03-04,done
Слайдер для екстра акції,ДІС,2026-03-06,done
GMB пост,ДІС,2026-03-02,done
Додати товари для аутлет: додати нові,ДІС,2026-03-03,done
Транскрибація запису,AI officer,2026-03-04,done
Важливо! Тема: Постачання целюлозної продукції на виробництво. Збити в один файл всі ціни та пропозиція. Таблиця для нас скільки ми купували. І таблиця стільки ми купили продукції для постачальника щоб збити ціну,AI officer,2026-03-02,done
Оплата по навчанню,ДІС,2026-03-03,done
Звіт по мітингу,AI officer,2026-03-04,done
Додати товари для аутлет: додати нові,ДІС,2026-03-02,done
Продовжити домени дімісон,ДІС,2026-03-03,done
Контекстна реклама редагувати,ДІС,2026-03-04,done
Слайдер для весняної акції,ДІС,2026-03-02,done
Оплата по навчанню,ДІС,2026-03-03,done
Таргетингова реклама,ДІС,2026-03-04,done
Слайдер для аутлет,ДІС,2026-03-02,done
Поповнити рахунок,Орлі,2026-03-04,done
До наступного борду готувати,AI officer,2026-03-04,done
SMM Stories,ДІС,2026-03-09,done
GMB image,ДІС,2026-03-10,done
Прибрати акцію від 01.03,Трейд,2026-03-11,done
Нову акцію запустити,Трейд,2026-03-12,done
SMM Stories,ДІС,2026-03-13,done
Create song,ЯС,2026-03-14,done
GMB Post,ДІС,2026-03-09,done
SMM Post,ДІС,2026-03-10,done
Прибрати акцію від 01.03,ДІС,2026-03-11,done
Нову акцію запустити,ДІС,2026-03-12,done
Shorts,ЯС,2026-03-13,done
Шортс,ЯС,2026-03-14,done
Telegram,ДІС,2026-03-09,done
SMM Stories,ДІС,2026-03-10,done
Report February,ДІС,2026-03-11,done
SMM Post,ДІС,2026-03-12,done
Додати товари для аутлет: додати нові,ДІС,2026-03-13,done
Пісня,ЯС,2026-03-14,done
Обелікс змінити навантаження,ДІС,2026-03-09,done
Archives storis edit,ДІС,2026-03-10,done
Перекласти документ,ДІС,2026-03-11,done
Products of the day,ДІС,2026-03-12,done
Перечитати стратегію,AI officer,2026-03-13,done
Додати товари для аутлет: додати нові,ДІС,2026-03-09,done
Поменять пароли,Моє,2026-03-10,done
Додати товари для аутлет: додати нові,ДІС,2026-03-11,done
Елисей додати Декоративні дерева в горщиках,ДІС,2026-03-12,done
JSON вчити,AI officer,2026-03-13,done
Елисей обновить,ДІС,2026-03-09,done
Нові матраци блюмарін додати,ДІС,2026-03-10,done
Навчання Автоматизація,AI officer,2026-03-11,done
Елисей додати органайзери,ДІС,2026-03-12,done
Meeting with CEO,AI officer,2026-03-13,done
Елисей парсинг,ДІС,2026-03-09,done
Додати товари для аутлет: додати нові,ДІС,2026-03-10,done
JSON вчити,AI officer,2026-03-11,done
SMM Stories,ДІС,2026-03-12,done
ФОП Стельмах переоформити на моно,ДІС,2026-03-13,done
Підтвердити анкету у Назара,AI officer,2026-03-09,done
До наступного борду готувати,AI officer,2026-03-10,done
Пополнить счет,Орлі,2026-03-11,done
Додати товари для аутлет: додати нові,ДІС,2026-03-12,done
ФОП Стельмах переоформити на лікпей,ДІС,2026-03-13,done
Навчання Автоматизація,AI officer,2026-03-09,done
Установити Docker Compose та розвернути n8n на ПК,AI officer,2026-03-11,done
Навчання Автоматизація,AI officer,2026-03-12,done
ФОП Стельмах переоформити на пумб,ДІС,2026-03-13,done
Анкетування теорія Ігор,AI officer,2026-03-09,done
Claude n8n вчити,AI officer,2026-03-12,done
ФОП Стельмах переоформити на сайт,ДІС,2026-03-13,done
Start Questionary,AI officer,2026-03-12,done
Перечитати стратегію,AI officer,2026-03-12,done
SMM Post,ДІС,2026-03-16,done
SMM Stories,ДІС,2026-03-17,done
SMM Stories,ДІС,2026-03-18,done
Додати товари для аутлет: додати нові,ДІС,2026-03-19,done
Додати товари для аутлет: додати нові,ДІС,2026-03-20,done
Створити законодавчу базу,Моє,2026-03-21,done
Навчання Автоматизація,AI officer,2026-03-22,done
Пост Gmb,ДІС,2026-03-16,done
Товари дня,ДІС,2026-03-17,done
Додати товари для аутлет: додати нові,ДІС,2026-03-18,done
Навчання Автоматизація,AI officer,2026-03-19,done
SMM Post,ДІС,2026-03-20,done
JSON вчити у Claude,AI officer,2026-03-21,done
SMM Stories,ДІС,2026-03-16,done
Додати товари для аутлет: додати нові,ДІС,2026-03-17,done
SMM Post,ДІС,2026-03-18,done
Бланки на український,AI officer,2026-03-19,done
SMM Stories,ДІС,2026-03-20,done
Додати товари для аутлет: додати нові,ДІС,2026-03-16,done
Навчання Автоматизація,AI officer,2026-03-17,done
Анкету ТОПів редагувати,AI officer,2026-03-18,done
Товари дня,ДІС,2026-03-19,done
Навчання Автоматизація,AI officer,2026-03-20,done
Список ТОПів для пошти,AI officer,2026-03-16,done
Landing page UNP West робити,AI officer,2026-03-17,done
Врублєвський питання редагувати,AI officer,2026-03-18,done
SMM Stories,ДІС,2026-03-19,done
Questionary for TOPs (перевірити чи всі заповнили),AI officer,2026-03-20,done
ROI для Лены пример,AI officer,2026-03-16,done
Questionary for TOPs заповнити,AI officer,2026-03-17,done
Допомога з документами,AI officer,2026-03-18,done
Інформацію від Назара на гуглдиск,AI officer,2026-03-19,done
Landing page UNP West,AI officer,2026-03-20,done
Задачі для Юлі,AI officer,2026-03-16,done
Навчання тестові задачі виконати,AI officer,2026-03-17,done
Landing page UNP West,AI officer,2026-03-18,done
Транскрибація,AI officer,2026-03-19,done
Сертифікати для лендінга,AI officer,2026-03-20,done
Ваня Телейчук презентація,AI officer,2026-03-16,done
Зустріч з Назаром,AI officer,2026-03-18,done
Landing page UNP West робити,AI officer,2026-03-19,done
Чат-бот,AI officer,2026-03-20,done
Анкета Назара (редагувати),AI officer,2026-03-16,done
Анкету полагодити,AI officer,2026-03-18,done
Відсканувати та відправити,AI officer,2026-03-19,done
Назару зробити слайд,AI officer,2026-03-20,done
Навчання Автоматизація,AI officer,2026-03-16,done
Питання Врублєвському,AI officer,2026-03-18,done
Вивчати Clawbot,Навчання,2026-03-20,done
Елисей товари оновити,ДІС,2026-03-18,done
Вивчати Gemini enterprise,Навчання,2026-03-20,done
Проанализировать свой ФОП и возможность начать продавать самостоятельно. Например на віксе или тильде сайт сделать,AI officer,2026-03-20,done
Прибрати акцію від 12.03,ДІС,2026-03-23,done
SMM post,ДІС,2026-03-24,done
"Анкета рекламації: видалити, стару, та переписати скріпт",AI officer,2026-03-25,done
Анкета рекламації: стерти всі старі відповіді,AI officer,2026-03-26,done
Навчання Автоматизація,AI officer,2026-03-27,done
Навчання Автоматизація,AI officer,2026-03-29,done
Прибрати акцію від 12.03,Трейд,2026-03-23,done
SMM stories,ДІС,2026-03-24,done
Аналізувати дані анкет,AI officer,2026-03-25,done
Аналізувати дані анкет,AI officer,2026-03-26,done
Товари дня,ДІС,2026-03-27,done
Нову акцію запустити,Трейд,2026-03-23,done
Товари дня,ДІС,2026-03-24,done
Друк карти,AI officer,2026-03-25,done
SMM post,ДІС,2026-03-26,done
SMM post,ДІС,2026-03-27,done
Нову акцію запустити,ДІС,2026-03-23,done
Меню та категорії правити,ДІС,2026-03-24,done
Назару створити автоматизацію для навчання,AI officer,2026-03-25,done
SMM stories,ДІС,2026-03-26,done
Чат-бот англійський №2,AI officer,2026-03-27,done
Плакат Назару,AI officer,2026-03-23,done
Навчання Автоматизація: дз робити,AI officer,2026-03-24,done
Зняти магазин львів,ДІС,2026-03-25,done
Анкета рекламації: презентації,ДІС,2026-03-26,done
Розшифрування записів по рекламації,AI officer,2026-03-27,done
SMM stoies,ДІС,2026-03-23,done
Додати контрагента,Трейд,2026-03-25,done
Чат-бот англійський,AI officer,2026-03-26,done
GMB post,ДІС,2026-03-23,done
SMM stories,ДІС,2026-03-25,done
Чат-бот англійський №2,AI officer,2026-03-26,done
Аналізувати дані анкет,AI officer,2026-03-23,done
Аналіз анкети Назара,AI officer,2026-03-26,done
Навчання Автоматизація,AI officer,2026-03-23,done
Поговорити з Ольгою Лукашенко,AI officer,2026-03-26,done
Додати матрац Матрац Largo Slim Cocos NEW,ДІС,2026-03-23,done
Парсинг Елисей,ДІС,2026-03-23,done
Ціни Елисей,ДІС,2026-03-23,done
Дипломагія,Моє,2026-03-23,done
Анкета рекламації,AI officer,2026-03-23,done
Товари дня,ДІС,2026-03-30,done
Рекламації созвон с геной в 13:30,AI officer,2026-03-31,done
SMM Stories,ДІС,2026-03-30,done
Прибрати акцію від 23.03,ДІС,2026-03-31,done
SMM Post,ДІС,2026-03-30,done
Прибрати акцію від 23.03,Трейд,2026-03-31,done
Англійський бот,AI officer,2026-03-30,done
Прибрати акцію від 12.03,ДІС,2026-03-31,done
Навчання Автоматизація,AI officer,2026-03-30,done
Прибрати акцію від 12.03,Трейд,2026-03-31,done
Відео Поліни розібрати і на гуглдиск закинути,ДІС,2026-03-30,done
Рекламації созвон с Врублевским в 10:30,AI officer,2026-03-31,done
Підготувати пул питань для відтворення алгоритму рекламацій,AI officer,2026-03-30,done
"Результати анкетування по Назару аналізувати, зробити презентацію",AI officer,2026-03-31,done
Створити трекер по Автоматизації Рекламацій,AI officer,2026-03-30,done
SMM Stories,ДІС,2026-03-31,done
Трекер заповнити до 2 борду,AI officer,2026-03-30,done
SMM Stories,ДІС,2026-03-31,done
Товари дня,ДІС,2026-02-02,done
Товари дня,ДІС,2026-02-03,done
Товари дня,ДІС,2026-02-04,done
Товари дня,ДІС,2026-02-05,done
Товари дня,ДІС,2026-02-06,done
Вчити Notion,ДІС,2026-02-07,done
Шортс,ЯС,2026-02-08,done
Телеграм,ДІС,2026-02-02,done
Телеграм,ДІС,2026-02-03,done
Телеграм,ДІС,2026-02-04,done
Телеграм,ДІС,2026-02-05,done
Телеграм,ДІС,2026-02-06,done
SMM пост,ДІС,2026-02-02,done
SMM сторіс,ДІС,2026-02-03,done
SMM сторіс,ДІС,2026-02-04,done
SMM сторіс,ДІС,2026-02-05,done
SMM сторіс,ДІС,2026-02-06,done
GMB пост,ДІС,2026-02-02,done
GMB фото,ДІС,2026-02-03,done
Відгуки на сайт,ДІС,2026-02-04,done
Відгуки на сайт,ДІС,2026-02-05,done
SMM пост,ДІС,2026-02-06,done
Елисей парсінг,ДІС,2026-02-02,done
Відібрати подарунки до 14 лютого,ДІС,2026-02-03,done
Зустріч з Назаром на 11:00,ДІС,2026-02-04,done
Елисей парсинг,ДІС,2026-02-05,done
Фото фьорд нордіка замінити,ДІС,2026-02-06,done
Елисей ціни міняти,ДІС,2026-02-02,done
Зняти старі слайдери,ДІС,2026-02-03,done
Назару організувати пошту,ДІС,2026-02-04,done
Елисей парсинг,ДІС,2026-02-05,done
Таргет,ДІС,2026-02-06,done
Звіт,Орлі,2026-02-02,done
Додати слайдер до 14 лютого,ДІС,2026-02-03,done
Назару організувати синхронізацію,ДІС,2026-02-04,done
Звіт за місяць,ДІС,2026-02-05,done
Статуетки категорії переробити,ДІС,2026-02-06,done
Сторіс на сайт нові,ДІС,2026-02-02,done
Новий екстра слайдер,ДІС,2026-02-03,done
Назару організувати папки,ДІС,2026-02-04,done
Записи оцифровцвати,Назар,2026-02-05,done
Сортировка аксесуари,ДІС,2026-02-06,done
Елисей міняти ціни,ДІС,2026-02-02,done
Відібрати подарунки до 14 лютого,ДІС,2026-02-03,done
Бюджет,ДІС,2026-02-04,done
Транскрибація,Назар,2026-02-05,done
Відгуки на сайт,ДІС,2026-02-02,done
Елисей парсинг,ДІС,2026-02-03,done
Дати завдання Юлі,Назар,2026-02-05,done
Статуетки категорії переробити,ДІС,2026-02-02,done
Відгуки на сайт,ДІС,2026-02-03,done
Папки зробити в гуглдиску,Назар,2026-02-05,done
Сортировка аксесуари,ДІС,2026-02-02,done
Віеомонтаж до Дня святого Валентина,ДІС,2026-02-03,done
Рахунок,Орлі,2026-02-05,done
Матрац Levante Bosco скрутка виставити,Трейд,2026-02-02,done
Знайти для Антона СММ-щика,ДІС,2026-02-03,done
Убрати екстра акцію,ДІС,2026-02-02,done
Блог екстра,Трейд,2026-02-03,done
Убрати екстра акцію,Трейд,2026-02-02,done
Блог екстра,ДІС,2026-02-03,done
Запустити нову екстра акцію,Трейд,2026-02-02,done
Блог акція до Валентина,ДІС,2026-02-03,done
Запустити нову екстра акцію,ДІС,2026-02-02,done
Вчити Notion,ДІС,2026-02-02,done
Контекст поповнити,ДІС,2026-02-02,done
Контекст поповнити,Трейд,2026-02-02,done
Шортс,ЯС,2026-02-02,done
Товари дня,ДІС,2026-02-09,done
Товари дня,ДІС,2026-02-10,done
Товари дня,ДІС,2026-02-11,done
Товари дня,ДІС,2026-02-12,done
CRM системы,Назар,2026-02-13,done
Телеграм,ДІС,2026-02-09,done
Телеграм,ДІС,2026-02-10,done
Телеграм,ДІС,2026-02-11,done
Телеграм,ДІС,2026-02-12,done
Підготувати документ Цифрова трансформація,Назар,2026-02-13,done
SMM пост,ДІС,2026-02-09,done
SMM сторіс,ДІС,2026-02-10,done
Прибрати старі акції,Трейд,2026-02-11,done
SMM пост,ДІС,2026-02-12,done
Позвонить Антону,Моє,2026-02-13,done
SMM сторіс,ДІС,2026-02-09,done
GMB фото,ДІС,2026-02-10,done
Оновити ціни,Трейд,2026-02-11,done
Таргет,ДІС,2026-02-12,done
GMB пост,ДІС,2026-02-09,done
Відібрати подарунки до 14 лютого,ДІС,2026-02-10,done
Прибрати старі акції,ДІС,2026-02-11,done
SMM сторіс,ДІС,2026-02-12,done
Відгуки на сайт,ДІС,2026-02-09,done
Елисей парсинг,ДІС,2026-02-10,done
Нові акції поставити,Трейд,2026-02-11,done
Відгуки на сайт,ДІС,2026-02-12,done
Шортс,ЯС,2026-02-09,done
Сортирування папок в пошті,Назар,2026-02-10,done
Нові акції поставити,ДІС,2026-02-11,done
CRM системы,Назар,2026-02-12,done
Звіт за місяць,ДІС,2026-02-09,done
Звіт за місяць,ДІС,2026-02-10,done
Нові акції поставити,Трейд,2026-02-11,done
Завантажити в гугл контакти всі з файлу,Назар,2026-02-12,done
Дипломагія,Моє,2026-02-09,done
Лесе задачі за минулий місяць,ДІС,2026-02-10,done
SMM сторіс,ДІС,2026-02-11,done
Гем бота підготувати,Назар,2026-02-12,done
Структура ІТ відділу,Назар,2026-02-09,done
Елисей ціни міняти,ДІС,2026-02-10,done
Блог екстра,Трейд,2026-02-11,done
ФОП Лисий по Хайфом.уа попросити акти за січень,ДІС,2026-02-12,done
Таргет,ДІС,2026-02-09,done
Структура ІТ відділу,Назар,2026-02-10,done
Блог екстра,ДІС,2026-02-11,done
На товарних слайдерах ціни поміняти,ДІС,2026-02-12,done
SMM пост,ДІС,2026-02-10,done
Відібрати подарунки до 14 лютого,ДІС,2026-02-11,done
Таргет,ДІС,2026-02-10,done
CRM системы,Назар,2026-02-11,done
Сповіщення в телеграм,Навчання,2026-02-10,done
Спортивний додаток,Моє,2026-02-11,done
Сайт на Вікс,Моє,2026-02-10,done
Оплата рахунку,Орлі,2026-02-11,done
Make сповіщення в телеграм,Навчання,2026-02-12,done
Спортивний додаток,Моє,2026-02-10,done
Шортс,ЯС,2026-02-11,done
Спортивний додаток,Моє,2026-02-12,done
Таргет,ДІС,2026-02-10,done
Товари дня,ДІС,2026-02-16,done
Товари дня,ДІС,2026-02-17,done
Розбір вчорашнього мітингу,AI officer,2026-02-18,done
Товари дня,ДІС,2026-02-19,done
Слайдер з дівчиною на сайт,ДІС,2026-02-20,done
Дипломагія сайт готовити,Моє,2026-02-21,done
Дипломагія сайт готовити,Моє,2026-02-22,done
Презентація,AI officer,2026-02-16,done
Телеграм,ДІС,2026-02-17,done
Міняти ціни грінгард,ДІС,2026-02-18,done
Телеграм,ДІС,2026-02-19,done
Нова акція по матрацам,Трейд,2026-02-20,done
Вчити Notion,ДІС,2026-02-21,done
Транскрибацію оновити,AI officer,2026-02-22,done
SMM сторіс,ДІС,2026-02-16,done
SMM сторіс,ДІС,2026-02-17,done
Елисей міняти ціни,ДІС,2026-02-18,done
Прибрати Екстра акцію матраци від 11.02,ДІС,2026-02-19,done
Нова акція по матрацам,ДІС,2026-02-20,done
Оновити висновки по таблиці,AI officer,2026-02-22,done
SMM пост,ДІС,2026-02-17,done
Стратегію написати,AI officer,2026-02-18,done
Прибрати Екстра акцію матраци від 11.02,Трейд,2026-02-19,done
Критичний аналіз в документі розмістити,AI officer,2026-02-20,done
Слайдери поменять,ДІС,2026-02-17,done
Елисей парсинг,ДІС,2026-02-18,done
Дипломагія сайт готовити,Моє,2026-02-19,done
Критичний аналіз аудіо відправити,AI officer,2026-02-20,done
Товари дня на главной,ДІС,2026-02-17,done
Відгуки на сайт,ДІС,2026-02-19,done
Телеграм,ДІС,2026-02-20,done
Архіви сторіс,ДІС,2026-02-17,done
Починити гугл аналітікс,Трейд,2026-02-19,done
SMM сторіс,ДІС,2026-02-20,done
Таргет,ДІС,2026-02-17,done
SMM сторіс,ДІС,2026-02-19,done
GMB фото,ДІС,2026-02-20,done
Нові товари,Трейд,2026-02-17,done
Розробити анкету для опитування функцыоналу для автоматизацыъ,AI officer,2026-02-19,done
Івану Телейчуку відправити анкету для заповнення,AI officer,2026-02-20,done
Сторіс на головній редагувати,ДІС,2026-02-17,done
Елисей парсинг,ДІС,2026-02-19,done
Пересмотреть нагрузку на сайте для всех обелисков. Согласно картинке исправить,Трейд,2026-02-20,done
Борд,ДІС,2026-02-17,done
Пересмотреть нагрузку на сайте для всех обелисков. Согласно картинке исправить,ДІС,2026-02-20,done
GMB пост,ДІС,2026-02-17,done
Починити гугл аналітікс,Трейд,2026-02-20,done
Нагадати про заповнення таблиці,AI officer,2026-02-20,done
Назару оцифровка борду по логістиці,AI officer,2026-02-20,done
SMM пост,ДІС,2026-02-20,done
Дипломагія сайт готовити,Моє,2026-02-20,done
Товари дня,ДІС,2026-02-23,done
Товари дня,ДІС,2026-02-24,done
Дипломагія сайт здати,Моє,2026-02-25,done
Вчити https://mistral.ai/ та інші AI,ДІС,2026-02-26,done
Товари дня,ДІС,2026-02-27,done
Телеграм,ДІС,2026-02-23,done
SMM сторіс,ДІС,2026-02-24,done
Roadmap створити для відділу,AI officer,2026-02-25,done
Починити гугл аналітікс,Трейд,2026-02-26,done
SMM пост,ДІС,2026-02-27,done
SMM сторіс,ДІС,2026-02-23,done
Кружки та чашки Тематика 2 стр,ДІС,2026-02-24,done
Телеграм,ДІС,2026-02-25,done
Зустріч з Назаром,AI officer,2026-02-26,done
SMM сторіс,ДІС,2026-02-27,done
SMM пост,ДІС,2026-02-23,done
Телеграм,ДІС,2026-02-24,done
Зустріч з Назаром,AI officer,2026-02-25,done
Додати товари для аутлет: оновити,ДІС,2026-02-26,done
Нові матраци додати,Трейд,2026-02-27,done
GMB пост,ДІС,2026-02-23,done
GMB фото,ДІС,2026-02-24,done
Додати товари для аутлет,ДІС,2026-02-25,done
Редагування файлу борду,AI officer,2026-02-26,done
Додати товари для аутлет: додати нові,ДІС,2026-02-27,done
Кружки та чашки категорії,ДІС,2026-02-23,done
Анкету створити,AI officer,2026-02-24,done
"В гугл диска створити Презентації ""Аврова"". Презентація закупівель додати",AI officer,2026-02-26,done
Счет на оплату,ДІС,2026-02-27,done
Кружки та чашки Тематика 1 стр,ДІС,2026-02-23,done
Відповісти на питання Назара,AI officer,2026-02-24,done
"Закинути аудіо Назара. Тема: ""візит на хоростків"".",AI officer,2026-02-26,done
Елисей парсинг,ДІС,2026-02-23,done
Відправити по навчанню для Назара,AI officer,2026-02-24,done
Аудіо від Назара. Транскрибація. Коротке ессе. В один документ,AI officer,2026-02-26,done
Починити гугл аналітікс,Трейд,2026-02-23,done
Сортування чашки,ДІС,2026-02-24,done
Редирект 301,ДІС,2026-02-23,done
Категорії Келихи,ДІС,2026-02-24,done
Дипломагія сайт готовити,Моє,2026-02-23,done
ФОП підтвердити,ДІС,2026-02-24,done
Звіт по задачах,ДІС,2026-01-05,done
Товари дня,ДІС,2026-01-06,done
Товари дня,ДІС,2026-01-07,done
Товари дня,ДІС,2026-01-08,done
Товари дня,ДІС,2026-01-09,done
Спортивний додаток,Моє,2026-01-10,done
Спортивний додаток,Моє,2026-01-11,done
Слайдер зроблено,ДІС,2026-01-05,done
SEO сторінка матраци Levante,ДІС,2026-01-06,done
Телеграм,ДІС,2026-01-07,done
Телеграм,ДІС,2026-01-08,done
Телеграм,ДІС,2026-01-09,done
Шортс,ЯС,2026-01-10,done
Шортс,ЯС,2026-01-11,done
Розмістити слайдер,ДІС,2026-01-05,done
Телеграм,ДІС,2026-01-06,done
СММ сторіс,ДІС,2026-01-07,done
СММ сторіс,ДІС,2026-01-08,done
СММ сторіс,ДІС,2026-01-09,done
Товари дня,ДІС,2026-01-05,done
СММ сторіс,ДІС,2026-01-06,done
СММ пост,ДІС,2026-01-07,done
Відгуки на сайт,ДІС,2026-01-08,done
СММ пост,ДІС,2026-01-09,done
Оплати за контекст,ДІС,2026-01-05,done
Оплата,Орлі,2026-01-06,done
Бюджет,ДІС,2026-01-07,done
Shorts,ДІС,2026-01-08,done
Відгуки на сайт,ДІС,2026-01-09,done
Оплата Canva + VEO,ДІС,2026-01-05,done
СММ пост,ДІС,2026-01-06,done
Таргет,ДІС,2026-01-07,done
Створення бекапу сайта,ДІС,2026-01-08,done
Відео розпаковки,ДІС,2026-01-09,done
Внести нові коди ТМЦ,Трейд,2026-01-05,done
Додати слайдер Levante,ДІС,2026-01-06,done
Слайдер леванте,Трейд,2026-01-07,done
Блог: Екстра знижки,ДІС,2026-01-08,done
Курси,ДІС,2026-01-09,done
Пост для GMB,ДІС,2026-01-06,done
Затвердити план робіт,Хайфом,2026-01-07,done
Блог: Екстра знижки,Трейд,2026-01-08,done
Створення бекапу сайта,Трейд,2026-01-09,done
Елисей міняти ціни,ДІС,2026-01-06,done
Курси,ДІС,2026-01-08,done
Бюджет,Трейд,2026-01-09,done
Елисей парсінг,ДІС,2026-01-06,done
Звітність,Трейд,2026-01-09,done
Таргет,ДІС,2026-01-06,done
Оновити картинки на головніій історії,ДІС,2026-01-09,done
Відео робити,ДІС,2026-01-06,done
Знайти курси по відеомонтажу,ДІС,2026-01-09,done
Затвердити план робіт,АСАТ,2026-01-06,done
Звіт,ДІС,2026-01-09,done
Бюджет,ДІС,2026-01-06,done
Відео робити,ДІС,2026-01-09,done
Зум,ДІС,2026-01-06,done
Слайдер знижки гріють,ДІС,2026-01-09,done
Звіт орлі,Орлі,2026-01-06,done
Відео голий мужик,ДІС,2026-01-09,done
Шортс,ЯС,2026-01-06,done
Слайдер: любов з першого дотику,ДІС,2026-01-09,done
Блог: матраци Леванте,ДІС,2026-01-06,done
Елисей парсінг,ДІС,2026-01-09,done
Знайти курси по відеомонтажу,ДІС,2026-01-06,done
Оплата рахунку,Хайфом,2026-01-09,done
От 500 грн поставити замовлення,ДІС,2026-01-09,done
Товари дня,ДІС,2026-01-12,done
Товари дня,ДІС,2026-01-13,done
Товари дня,ДІС,2026-01-14,done
Товари дня,ДІС,2026-01-15,done
Товари дня,ДІС,2026-01-16,done
Спортивний додаток,Моє,2026-01-17,done
Спортивний додаток,Моє,2026-01-18,done
Екстра акція,Трейд,2026-01-12,done
Телеграм,ДІС,2026-01-13,done
Телеграм,ДІС,2026-01-14,done
Телеграм,ДІС,2026-01-15,done
Телеграм,ДІС,2026-01-16,done
Шортс,ЯС,2026-01-17,done
Екстра акція,ДІС,2026-01-12,done
СММ сторіс,ДІС,2026-01-13,done
СММ сторіс,ДІС,2026-01-14,done
СММ сторіс,ДІС,2026-01-15,done
СММ сторіс,ДІС,2026-01-16,done
Підняти суму в корзині до 550 грн,ДІС,2026-01-12,done
Поправити опис Блюмарін,Трейд,2026-01-13,done
Пост для GMB,ДІС,2026-01-14,done
Мерчан центр Аналіз,ДІС,2026-01-15,done
Фото для GMB,ДІС,2026-01-16,done
Тікток курси,ДІС,2026-01-12,done
Продовжити хостинг hpl5270,Трейд,2026-01-13,done
Shorts,ДІС,2026-01-14,done
Спортивний додаток,Моє,2026-01-15,done
Відгуки,ДІС,2026-01-16,done
Відеомонтаж ельва розпаковка,ДІС,2026-01-12,done
Оплата контекстна реклама,Трейд,2026-01-13,done
Видалити нестандарт Беладжіо з сайту,Трейд,2026-01-14,done
Відеомонтаж ельва розпаковка,ДІС,2026-01-15,done
Спортивний додаток,Моє,2026-01-16,done
Телеграм,ДІС,2026-01-12,done
Добавити нові товари в скрутці,Трейд,2026-01-13,done
Знижки гріють дизайн,ДІС,2026-01-14,done
СММ пост,ДІС,2026-01-16,done
Аналіз контекстной реклами,ДІС,2026-01-12,done
Спортивний додаток,Моє,2026-01-13,done
Відгуки,ДІС,2026-01-14,done
Выдео в ютуб розмістити,ДІС,2026-01-16,done
Спортивний додаток,Моє,2026-01-12,done
"Слайдер дизайн новий ""Знижки гріють""",ДІС,2026-01-13,done
СММ пост,ДІС,2026-01-14,done
Шортс,ЯС,2026-01-16,done
Відеомонтаж ельва розпаковка,ДІС,2026-01-13,done
Відеомонтаж ельва розпаковка,ДІС,2026-01-14,done
Ответ фликсбас,Моє,2026-01-16,done
Відгуки,ДІС,2026-01-13,done
Відео органайзери,ДІС,2026-01-14,done
Відеомонтаж диван вест,ДІС,2026-01-16,done
Лесе перечень работ,ДІС,2026-01-13,done
Спортивний додаток,Моє,2026-01-14,done
Встановити Адоб прем'єр,ДІС,2026-01-16,done
Оплата,Орлі,2026-01-13,done
Блог знижки гріють,ДІС,2026-01-14,done
Відеомонтаж Боно,ДІС,2026-01-16,done
Таргет,ДІС,2026-01-14,done
Вчити Adobe Premier,Моє,2026-01-16,done
Товари дня,ДІС,2026-01-19,done
Товари дня,ДІС,2026-01-20,done
Товари дня,ДІС,2026-01-21,done
Товари дня,ДІС,2026-01-22,done
Товари дня,ДІС,2026-01-23,done
Спортивний додаток,Моє,2026-01-24,done
Спортивний додаток,Моє,2026-01-25,done
Телеграм,ДІС,2026-01-19,done
Телеграм,ДІС,2026-01-20,done
Телеграм,ДІС,2026-01-21,done
Телеграм,ДІС,2026-01-22,done
Телеграм,ДІС,2026-01-23,done
Шортс,ЯС,2026-01-24,done
Шортс,ЯС,2026-01-25,done
СММ сторіс,ДІС,2026-01-19,done
СММ сторіс,ДІС,2026-01-20,done
СММ сторіс,ДІС,2026-01-21,done
СММ пост,ДІС,2026-01-22,done
СММ сторіс,ДІС,2026-01-23,done
Вчити Adobe Premier,Моє,2026-01-24,done
Ответ фликсбас,Моє,2026-01-25,done
Спортивний додаток,Моє,2026-01-19,done
Відгуки на сайт,ДІС,2026-01-20,done
Відгуки на сайт,ДІС,2026-01-21,done
СММ сторіс,ДІС,2026-01-22,done
Відгуки на сайт,ДІС,2026-01-23,done
Вчити Adobe Premier,Моє,2026-01-25,done
Пост для GMB,ДІС,2026-01-19,done
Отчет,ДІС,2026-01-20,done
Відео на сайт про термос поставити,ДІС,2026-01-21,done
Відгуки на сайт,ДІС,2026-01-22,done
Убрати додаткову акцію,ДІС,2026-01-23,done
Ecoflow парсінг,ДІС,2026-01-19,done
Опис дивана президент модифікувати,ДІС,2026-01-20,done
Отчет,ДІС,2026-01-21,done
Спортивний додаток,Моє,2026-01-22,done
Добавити нову додаткову акцію,ДІС,2026-01-23,done
Відгуки на сайт,ДІС,2026-01-19,done
Відео про тканини на сайт поставити,ДІС,2026-01-20,done
Убрати додаткову акцію,Трейд,2026-01-22,done
Добавити нову додаткову акцію,Трейд,2026-01-23,done
Віде Ельва на сайт,ДІС,2026-01-19,done
СММ пост,ДІС,2026-01-20,done
Отчет Назару,ДІС,2026-01-22,done
Спортивний додаток,Моє,2026-01-23,done
Шортс диван Вест,ДІС,2026-01-19,done
Отчет відправити Інзі,ДІС,2026-01-22,done
Відеомонтаж диван вест,ДІС,2026-01-19,done
Оплата,Орлі,2026-01-22,done
Музичний сет,ЯС,2026-01-19,done
Ответ фликсбас,Моє,2026-01-22,done
Товари дня,ДІС,2026-01-26,done
СММ пост,ДІС,2026-01-27,done
Товари дня,ДІС,2026-01-28,done
Товари дня,ДІС,2026-01-29,done
Товари дня,ДІС,2026-01-30,done
Вчити Notion,ДІС,2026-01-31,done
Спортивний додаток,Моє,2026-02-01,done
Телеграм,ДІС,2026-01-26,done
Товари дня,ДІС,2026-01-27,done
Телеграм,ДІС,2026-01-28,done
Телеграм,ДІС,2026-01-29,done
Телеграм,ДІС,2026-01-30,done
Шортс,ЯС,2026-01-31,done
Шортс,ЯС,2026-02-01,done
СММ сторіс,ДІС,2026-01-26,done
Телеграм,ДІС,2026-01-27,done
СММ сторіс,ДІС,2026-01-28,done
СММ сторіс,ДІС,2026-01-29,done
СММ сторіс,ДІС,2026-01-30,done
Вчити Adobe Premier,Моє,2026-01-31,done
Вивчати Clawbot,ДІС,2026-02-01,done
Пост для GMB,ДІС,2026-01-26,done
СММ сторіс,ДІС,2026-01-27,done
Відгуки на сайт,ДІС,2026-01-28,done
Відгуки на сайт,ДІС,2026-01-29,done
Відгуки на сайт,ДІС,2026-01-30,done
Вчити Notion,ДІС,2026-02-01,done
Елисей міняти ціни,ДІС,2026-01-26,done
Відгуки на сайт,ДІС,2026-01-27,done
Вчити n8n,ДІС,2026-01-28,done
Слайдер Ельва перегенерировать,ДІС,2026-01-29,done
"Контекстна реклама, аналіз, оптимізація",ДІС,2026-01-30,done
Відгуки на сайт,ДІС,2026-01-26,done
Диван вест відео на сайт,ДІС,2026-01-27,done
Слайдер на лютий,ДІС,2026-01-28,done
Слайдер на лютий,ДІС,2026-01-29,done
Слайдер на лютий,ДІС,2026-01-30,done
Відеомонтаж диван вест горизонтальне відео,ДІС,2026-01-26,done
Шортс,ДІС,2026-01-27,done
Відеомонтаж Боно,ДІС,2026-01-28,done
Вчити Notion,ДІС,2026-01-29,done
Любов з першого дотику,ДІС,2026-01-30,done
Отчет квартальний,ДІС,2026-01-26,done
Вчити n8n,ДІС,2026-01-27,done
Вчити Adobe Premier,Моє,2026-01-28,done
Любов з першого дотику,ДІС,2026-01-29,done
Елисей великий парсинг,ДІС,2026-01-30,done
Виправлення помилки на сайті з ціною,Трейд,2026-01-26,done
Відеомонтаж Рестон,ДІС,2026-01-27,done
СММ пост,ДІС,2026-01-30,done
Вчити n8n,ДІС,2026-01-26,done
Шортс,ЯС,2026-01-27,done
Контекст бюджет оптимізувати,Орлі,2026-01-30,done
Malmo  поправити висоту,ДІС,2026-01-30,done
